<?xml version="1.0" encoding="UTF-8" standalone="no"?>
<window xmlns="http://schemas.haulmont.com/cuba/screen/window.xsd"
        caption="msg://meetingEdit.caption"
        focusComponent="form"
        messagesPack="com.company.timetomeet.web.screens.meeting">
    <data>
        <instance id="meetingDc"
                  class="com.company.timetomeet.entity.Meeting">
            <view extends="_local"/>
            <loader/>
        </instance>
    </data>
    <dialogMode height="600"
                width="800"/>
    <layout expand="editActions" spacing="true">
        <form id="form" dataContainer="meetingDc">
            <column width="350px">
                <textField id="meeting_idField" property="meeting_id"/>
                <dateField id="dateField" property="date"/>
                <timeField id="timeField" property="time"/>
                <textField id="placeField" property="place"/>
            </column>
        </form>
        <hbox id="editActions" spacing="true">
            <button id="commitAndCloseBtn" action="windowCommitAndClose"/>
            <button id="closeBtn" action="windowClose"/>
        </hbox>
    </layout>
</window>
