<?xml version="1.0" encoding="UTF-8" standalone="no"?>
<window xmlns="http://schemas.haulmont.com/cuba/screen/window.xsd"
        xmlns:c="http://schemas.haulmont.com/cuba/screen/jpql_condition.xsd"
        caption="msg://meetingBrowse.caption"
        focusComponent="meetingsTable"
        messagesPack="com.company.timetomeet.web.screens.meeting">
    <data readOnly="true">
        <collection id="meetingsDc"
                    class="com.company.timetomeet.entity.Meeting">
            <view extends="_local"/>
            <loader id="meetingsDl">
                <query>
                    <![CDATA[select e from timetomeet_Meeting e]]>
                </query>
            </loader>
        </collection>
    </data>
    <dialogMode height="600"
                width="800"/>
    <layout expand="meetingsTable"
            spacing="true">
        <filter id="filter"
                applyTo="meetingsTable"
                dataLoader="meetingsDl">
            <properties include=".*"/>
        </filter>
        <groupTable id="meetingsTable"
                    width="100%"
                    dataContainer="meetingsDc">
            <actions>
                <action id="create" type="create"/>
                <action id="edit" type="edit"/>
                <action id="remove" type="remove"/>
            </actions>
            <columns>
                <column id="meeting_id"/>
                <column id="date"/>
                <column id="time"/>
                <column id="place"/>
            </columns>
            <rowsCount/>
            <buttonsPanel id="buttonsPanel"
                          alwaysVisible="true">
                <button id="createBtn" action="meetingsTable.create"/>
                <button id="editBtn" action="meetingsTable.edit"/>
                <button id="removeBtn" action="meetingsTable.remove"/>
            </buttonsPanel>
        </groupTable>
        <hbox id="lookupActions" spacing="true" visible="false">
            <button action="lookupSelectAction"/>
            <button action="lookupCancelAction"/>
        </hbox>
    </layout>
</window>
