<?xml version="1.0" encoding="UTF-8" standalone="no"?>
<window xmlns="http://schemas.haulmont.com/cuba/screen/window.xsd"
        caption="msg://teacherEdit.caption"
        focusComponent="form"
        messagesPack="com.company.timetomeet.web.screens.teacher">
    <data>
        <instance id="teacherDc"
                  class="com.company.timetomeet.entity.Teacher">
            <view extends="_local"/>
            <loader/>
        </instance>
    </data>
    <dialogMode height="600"
                width="800"/>
    <layout expand="editActions" spacing="true">
        <form id="form" dataContainer="teacherDc">
            <column width="350px">
                <textField id="teacher_idField" property="teacher_id"/>
                <textField id="first_nameField" property="first_name"/>
                <textField id="last_nameField" property="last_name"/>
                <textField id="subjectField" property="subject"/>
                <textField id="emailField" property="email"/>
            </column>
        </form>
        <hbox id="editActions" spacing="true">
            <button id="commitAndCloseBtn" action="windowCommitAndClose"/>
            <button id="closeBtn" action="windowClose"/>
        </hbox>
    </layout>
</window>
